t,stock,v
3,5,0.87
4,7,0.87
5,9,0.72
6,12,0.72
7,12,0.8
8,15,0.8
9,17,0.73
10,17,0.73
11,17,0.7
12,20,0.7
13,20,0.79
14,22,0.79
15,24,0.78
16,27,0.78
17,27,0.74
18,30,0.74
19,32,0.77
20,33,0.77
21,35,0.79
22,39,0.79
23,41,0.79
24,43,0.79
25,43,0.71
26,43,0.71
27,44,0.76
28,49,0.76
29,51,0.78
30,52,0.78
31,54,0.75
32,55,0.75
33,57,0.72
34,57,0.72
35,57,0.71
36,57,0.71
37,60,0.73
38,62,0.73
39,62,0.71
40,63,0.71
41,65,0.68
42,68,0.68
43,69,0.62
44,71,0.62
45,71,0.7
46,73,0.7
47,73,0.67
48,77,0.67
49,79,0.72
50,79,0.72
51,79,0.72
52,80,0.72
53,83,0.71
54,83,0.71
55,89,0.72
56,92,0.72
57,92,0.7
58,92,0.7
59,93,0.63
60,94,0.63
61,96,0.68
62,97,0.68
63,98,0.66
64,99,0.66
65,100,0.6
66,102,0.6
67,102,0.61
68,103,0.61
69,105,0.65
70,108,0.65
71,108,0.64
72,110,0.64
73,116,0.67
74,120,0.67
75,121,0.64
76,121,0.64
77,126,0.66
78,128,0.66
79,128,0.67
80,131,0.67
81,133,0.64
82,135,0.64
83,136,0.64
84,138,0.64
85,138,0.65
86,140,0.65
87,140,0.61
88,140,0.61
89,143,0.66
90,143,0.66
91,143,0.64
92,147,0.64
93,149,0.6
94,154,0.6
95,155,0.61
96,158,0.61
97,158,0.61
98,158,0.61
99,160,0.61
100,161,0.61
101,164,0.58
102,163,0.58
103,164,0.62
104,167,0.62
105,174,0.65
106,175,0.65
107,177,0.6
108,177,0.6
109,177,0.55
110,179,0.55
111,184,0.55
112,187,0.55
113,190,0.52
114,192,0.52
115,192,0.53
116,191,0.53
117,193,0.51
118,201,0.51
119,205,0.57
120,206,0.57
121,208,0.53
122,208,0.53
123,208,0.53
124,208,0.53
125,208,0.51
126,208,0.51
127,208,0.5
128,211,0.5
129,213,0.55
130,213,0.55
131,214,0.54
132,218,0.54
133,223,0.56
134,226,0.56
135,226,0.54
136,226,0.54
137,226,0.57
138,228,0.57
139,234,0.6
140,237,0.6
141,242,0.58
142,245,0.58
143,246,0.55
144,249,0.55
145,250,0.54
146,251,0.54
147,254,0.5
148,254,0.5
149,254,0.52
150,253,0.52
151,253,0.51
152,254,0.51
153,257,0.5
154,261,0.5
155,266,0.49
156,266,0.49
157,267,0.47
158,268,0.47
159,270,0.48
160,271,0.48
161,276,0.5
162,280,0.5
163,280,0.47
164,281,0.47
165,281,0.45
166,281,0.45
167,283,0.46
168,283,0.46
169,285,0.48
170,289,0.48
171,291,0.47
172,292,0.47
173,296,0.49
174,298,0.49
175,297,0.45
176,301,0.45
177,304,0.46
178,308,0.46
179,309,0.45
180,311,0.45
181,311,0.42
182,311,0.42
183,312,0.44
184,316,0.44
185,318,0.43
186,318,0.43
187,321,0.44
188,326,0.44
189,328,0.45
190,328,0.45
191,330,0.43
192,330,0.43
193,328,0.43
194,327,0.43
195,329,0.44
196,331,0.44
197,335,0.45
198,336,0.45
199,335,0.44
200,337,0.44
201,338,0.42
202,339,0.42
203,341,0.42
204,341,0.42
205,341,0.41
206,345,0.41
207,346,0.42
208,346,0.42
209,346,0.4
210,346,0.4
211,346,0.41
212,351,0.41
213,354,0.42
214,354,0.42
215,353,0.39
216,354,0.39
217,355,0.4
218,356,0.4
219,355,0.39
220,355,0.39
221,359,0.41
222,361,0.41
223,368,0.41
224,370,0.41
225,372,0.42
226,370,0.42
227,370,0.39
228,370,0.39
229,370,0.38
230,373,0.38
231,377,0.4
232,376,0.4
233,376,0.37
234,378,0.37
235,381,0.41
236,381,0.41
237,382,0.41
238,382,0.41
239,382,0.4
240,384,0.4
241,386,0.39
242,387,0.39
243,387,0.4
244,392,0.4
245,395,0.38
246,395,0.38
247,394,0.37
248,395,0.37
249,397,0.39
250,399,0.39
251,401,0.38
252,402,0.38
253,403,0.4
254,406,0.4
255,406,0.38
256,406,0.38
257,408,0.39
258,409,0.39
259,408,0.39
260,411,0.39
261,411,0.38
262,414,0.38
263,414,0.37
264,415,0.37
265,415,0.37
266,415,0.37
267,414,0.38
268,414,0.38
269,413,0.37
270,413,0.37
271,413,0.37
272,415,0.37
273,415,0.38
274,417,0.38
275,418,0.39
276,419,0.39
277,419,0.38
278,424,0.38
279,424,0.39
280,426,0.39
281,427,0.38
282,426,0.38
283,426,0.36
284,425,0.36
285,427,0.36
286,431,0.36
287,429,0.36
288,430,0.36
289,430,0.36
290,431,0.36
291,431,0.36
292,434,0.36
293,439,0.37
294,442,0.37
295,448,0.37
296,448,0.37
297,447,0.37
298,447,0.37
299,449,0.39
300,448,0.39
301,447,0.37
302,451,0.37
303,452,0.39
304,454,0.39
305,455,0.37
306,457,0.37
307,456,0.39
308,458,0.39
309,461,0.38
310,462,0.38
311,466,0.39
312,467,0.39
313,471,0.36
314,474,0.36
315,477,0.36
316,482,0.36
317,484,0.36
318,484,0.36
319,484,0.36
320,485,0.36
321,487,0.35
322,488,0.35
323,488,0.36
324,488,0.36
325,488,0.37
326,490,0.37
327,492,0.37
328,499,0.37
329,506,0.38
330,507,0.38
331,508,0.36
332,511,0.36
333,511,0.36
334,514,0.36
335,515,0.36
336,517,0.36
337,519,0.37
338,519,0.37
339,519,0.37
340,522,0.37
341,520,0.39
342,520,0.39
343,520,0.39
344,522,0.39
345,523,0.37
346,528,0.37
347,533,0.37
348,537,0.37
349,542,0.38
350,543,0.38
351,549,0.38
352,557,0.38
353,559,0.37
354,564,0.37
355,565,0.36
356,569,0.36
357,568,0.36
358,568,0.36
359,568,0.35
360,568,0.35
361,568,0.36
362,569,0.36
363,568,0.34
364,571,0.34
365,571,0.35
366,570,0.35
367,567,0.34
368,569,0.34
369,568,0.34
370,568,0.34
371,567,0.33
372,567,0.33
373,567,0.35
374,567,0.35
375,571,0.35
376,573,0.35
377,574,0.36
378,574,0.36
379,579,0.36
380,586,0.36
381,585,0.36
382,583,0.36
383,588,0.36
384,587,0.36
385,587,0.34
386,586,0.34
387,583,0.33
388,583,0.33
389,586,0.34
390,591,0.34
391,589,0.34
392,591,0.34
393,593,0.34
394,596,0.34
395,598,0.33
396,597,0.33
397,597,0.33
398,598,0.33
399,601,0.34
400,606,0.34
401,608,0.35
402,609,0.35
403,614,0.34
404,617,0.34
405,617,0.34
406,617,0.34
407,617,0.32
408,617,0.32
409,620,0.33
410,619,0.33
411,624,0.35
412,628,0.35
413,630,0.34
414,631,0.34
415,634,0.33
416,634,0.33
417,634,0.33
418,633,0.33
419,632,0.32
420,630,0.32
421,633,0.32
422,633,0.32
423,635,0.32
424,635,0.32
425,637,0.32
426,643,0.32
427,644,0.33
428,644,0.33
429,643,0.32
430,644,0.32
431,645,0.31
432,649,0.31
433,648,0.32
434,648,0.32
435,650,0.33
436,654,0.33
437,656,0.34
438,656,0.34
439,656,0.33
440,658,0.33
441,658,0.32
442,660,0.32
443,658,0.31
444,658,0.31
445,657,0.3
446,657,0.3
447,659,0.3
448,661,0.3
449,668,0.32
450,670,0.32
451,669,0.31
452,669,0.31
453,671,0.31
454,670,0.31
455,670,0.3
456,669,0.3
457,668,0.3
458,669,0.3
459,676,0.32
460,675,0.32
461,681,0.32
462,688,0.32
463,691,0.33
464,694,0.33
465,699,0.33
466,697,0.33
467,699,0.33
468,699,0.33
469,701,0.32
470,702,0.32
471,703,0.32
472,703,0.32
473,702,0.32
474,702,0.32
475,702,0.32
476,704,0.32
477,704,0.33
478,702,0.33
479,706,0.34
480,705,0.34
481,706,0.32
482,710,0.32
483,711,0.3
484,712,0.3
485,717,0.31
486,719,0.31
487,720,0.32
488,720,0.32
489,722,0.32
490,723,0.32
491,722,0.32
492,721,0.32
493,719,0.32
494,717,0.32
495,717,0.32
496,715,0.32
497,713,0.32
498,712,0.32
499,712,0.32
500,712,0.32
501,710,0.33
502,714,0.33
503,714,0.31
504,717,0.31
505,717,0.31
506,720,0.31
507,724,0.32
508,729,0.32
509,731,0.32
510,732,0.32
511,732,0.31
512,734,0.31
513,737,0.31
514,736,0.31
515,735,0.31
516,737,0.31
517,737,0.31
518,737,0.31
519,742,0.32
520,741,0.32
521,742,0.31
522,749,0.31
523,748,0.31
524,747,0.31
525,752,0.31
526,752,0.31
527,754,0.31
528,755,0.31
529,755,0.3
530,754,0.3
531,758,0.3
532,759,0.3
533,761,0.3
534,760,0.3
535,760,0.31
536,764,0.31
537,764,0.32
538,763,0.32
539,760,0.29
540,762,0.29
541,761,0.3
542,760,0.3
543,762,0.3
544,762,0.3
545,761,0.31
546,761,0.31
547,760,0.3
548,762,0.3
549,763,0.29
550,764,0.29
551,769,0.3
552,771,0.3
553,772,0.29
554,773,0.29
555,773,0.3
556,773,0.3
557,772,0.29
558,770,0.29
559,769,0.29
560,767,0.29
561,766,0.3
562,765,0.3
563,764,0.3
564,763,0.3
565,765,0.29
566,766,0.29
567,765,0.29
568,766,0.29
569,766,0.3
570,766,0.3
571,765,0.3
572,764,0.3
573,766,0.29
574,763,0.29
575,764,0.3
576,768,0.3
577,765,0.3
578,766,0.3
579,769,0.31
580,770,0.31
581,770,0.31
582,775,0.31
583,776,0.3
584,771,0.3
585,771,0.3
586,771,0.3
587,771,0.31
588,777,0.31
589,779,0.31
590,784,0.31
591,786,0.31
592,788,0.31
593,797,0.32
594,802,0.32
595,802,0.3
596,801,0.3
597,806,0.3
598,807,0.3
599,807,0.29
600,806,0.29
601,805,0.28
602,807,0.28
603,806,0.28
604,806,0.28
605,807,0.28
606,809,0.28
607,807,0.27
608,808,0.27
609,815,0.29
610,816,0.29
611,815,0.28
612,817,0.28
613,818,0.28
614,817,0.28
615,817,0.26
616,817,0.26
617,819,0.27
618,819,0.27
619,822,0.27
620,820,0.27
621,818,0.26
622,817,0.26
623,817,0.26
624,819,0.26
625,820,0.27
626,822,0.27
627,822,0.27
628,825,0.27
629,825,0.26
630,825,0.26
631,822,0.26
632,821,0.26
633,823,0.26
634,823,0.26
635,821,0.26
636,820,0.26
637,819,0.26
638,818,0.26
639,817,0.25
640,819,0.25
641,819,0.26
642,819,0.26
643,818,0.25
644,816,0.25
645,816,0.25
646,818,0.25
647,818,0.27
648,818,0.27
649,818,0.27
650,821,0.27
651,821,0.28
652,820,0.28
653,820,0.28
654,821,0.28
655,822,0.27
656,822,0.27
657,820,0.26
658,820,0.26
659,820,0.26
660,816,0.26
661,821,0.28
662,820,0.28
663,818,0.27
664,818,0.27
665,818,0.28
666,825,0.28
667,825,0.29
668,826,0.29
669,827,0.29
670,827,0.29
671,833,0.3
672,836,0.3
673,835,0.29
674,834,0.29
675,831,0.28
676,828,0.28
677,829,0.28
678,829,0.28
679,829,0.29
680,827,0.29
681,830,0.29
682,830,0.29
683,834,0.29
684,835,0.29
685,835,0.28
686,836,0.28
687,836,0.28
688,835,0.28
689,834,0.27
690,833,0.27
691,832,0.27
692,832,0.27
693,831,0.26
694,830,0.26
695,828,0.27
696,827,0.27
697,831,0.27
698,833,0.27
699,834,0.28
700,836,0.28
701,837,0.28
702,839,0.28
703,841,0.27
704,840,0.27
705,840,0.26
706,843,0.26
707,843,0.25
708,843,0.25
709,846,0.27
710,847,0.27
711,844,0.27
712,845,0.27
713,844,0.27
714,842,0.27
715,840,0.28
716,840,0.28
717,841,0.29
718,839,0.29
719,844,0.27
720,845,0.27
721,841,0.27
722,844,0.27
723,845,0.29
724,842,0.29
725,841,0.28
726,838,0.28
727,839,0.27
728,837,0.27
729,834,0.27
730,833,0.27
731,835,0.26
732,834,0.26
733,839,0.27
734,841,0.27
735,841,0.26
736,841,0.26
737,844,0.27
738,841,0.27
739,842,0.26
740,841,0.26
741,839,0.26
742,847,0.26
743,846,0.27
744,847,0.27
745,846,0.25
746,850,0.25
747,850,0.26
748,851,0.26
749,852,0.26
750,851,0.26
751,849,0.25
752,850,0.25
753,848,0.25
754,851,0.25
755,850,0.25
756,852,0.25
757,851,0.25
758,852,0.25
759,853,0.25
760,853,0.25
761,856,0.25
762,856,0.25
763,856,0.25
764,858,0.25
765,856,0.26
766,856,0.26
767,861,0.27
768,861,0.27
769,860,0.26
770,859,0.26
771,858,0.25
772,856,0.25
773,857,0.25
774,854,0.25
775,857,0.25
776,860,0.25
777,858,0.25
778,860,0.25
779,861,0.26
780,860,0.26
781,861,0.27
782,864,0.27
783,861,0.27
784,859,0.27
785,859,0.27
786,858,0.27
787,857,0.26
788,855,0.26
789,855,0.26
790,854,0.26
791,856,0.26
792,856,0.26
793,856,0.26
794,856,0.26
795,856,0.26
796,858,0.26
797,857,0.25
798,855,0.25
799,854,0.25
800,860,0.25
801,860,0.27
802,862,0.27
803,864,0.26
804,868,0.26
805,868,0.26
806,869,0.26
807,872,0.27
808,873,0.27
809,872,0.26
810,871,0.26
811,871,0.26
812,868,0.26
813,871,0.25
814,871,0.25
815,872,0.25
816,876,0.25
817,878,0.26
818,878,0.26
819,877,0.25
820,879,0.25
821,885,0.26
822,885,0.26
823,884,0.26
824,887,0.26
825,884,0.26
826,885,0.26
827,885,0.26
828,885,0.26
829,886,0.25
830,882,0.25
831,881,0.25
832,882,0.25
833,883,0.26
834,883,0.26
835,883,0.24
836,884,0.24
837,883,0.25
838,885,0.25
839,888,0.24
840,889,0.24
841,892,0.24
842,896,0.24
843,895,0.24
844,900,0.24
845,902,0.26
846,903,0.26
847,907,0.25
848,907,0.25
849,908,0.26
850,908,0.26
851,907,0.27
852,906,0.27
853,905,0.26
854,904,0.26
855,901,0.27
856,900,0.27
857,897,0.27
858,895,0.27
859,898,0.27
860,899,0.27
861,900,0.27
862,899,0.27
863,899,0.27
864,897,0.27
865,900,0.27
866,900,0.27
867,900,0.27
868,899,0.27
869,901,0.27
870,901,0.27
871,899,0.26
872,898,0.26
873,897,0.26
874,901,0.26
875,903,0.26
876,905,0.26
877,907,0.27
878,906,0.27
879,907,0.26
880,906,0.26
881,907,0.26
882,906,0.26
883,904,0.27
884,904,0.27
885,903,0.25
886,903,0.25
887,905,0.25
888,904,0.25
889,903,0.25
890,901,0.25
891,899,0.24
892,897,0.24
893,896,0.24
894,895,0.24
895,895,0.24
896,895,0.24
897,896,0.25
898,898,0.25
899,896,0.25
900,896,0.25
901,898,0.26
902,900,0.26
903,905,0.25
904,910,0.25
905,916,0.27
906,918,0.27
907,918,0.27
908,917,0.27
909,917,0.27
910,916,0.27
911,913,0.26
912,920,0.26
913,919,0.26
914,920,0.26
915,919,0.25
916,922,0.25
917,923,0.26
918,923,0.26
919,922,0.26
920,921,0.26
921,920,0.26
922,920,0.26
923,923,0.26
924,927,0.26
925,929,0.25
926,930,0.25
927,927,0.25
928,924,0.25
929,924,0.24
930,927,0.24
931,926,0.25
932,931,0.25
933,928,0.24
934,929,0.24
935,929,0.24
936,930,0.24
937,930,0.25
938,928,0.25
939,928,0.24
940,930,0.24
941,932,0.24
942,930,0.24
943,931,0.24
944,930,0.24
945,930,0.24
946,932,0.24
947,932,0.24
948,931,0.24
949,932,0.24
950,933,0.24
951,933,0.24
952,935,0.24
953,937,0.25
954,941,0.25
955,942,0.25
956,942,0.25
957,943,0.25
958,942,0.25
959,943,0.25
960,945,0.25
961,947,0.26
962,949,0.26
963,948,0.24
964,950,0.24
965,951,0.25
966,950,0.25
967,954,0.24
968,957,0.24
969,954,0.24
970,957,0.24
971,959,0.26
972,962,0.26
973,963,0.27
974,965,0.27
975,963,0.26
976,968,0.26
977,972,0.26
978,976,0.26
979,979,0.25
980,987,0.25
981,986,0.25
982,985,0.25
983,985,0.25
984,983,0.25
985,986,0.24
986,986,0.24
987,986,0.24
988,989,0.24
989,990,0.26
990,991,0.26
991,993,0.26
992,997,0.26
993,996,0.26
994,998,0.26
995,998,0.24
996,995,0.24
997,994,0.24
998,994,0.24
999,997,0.23
1000,997,0.23
1001,995,0.23
1002,995,0.23
1003,994,0.23
1004,994,0.23
1005,996,0.23
1006,997,0.23
1007,1000,0.23
1008,999,0.23
1009,997,0.24
1010,999,0.24
1011,997,0.25
1012,995,0.25
1013,996,0.25
1014,993,0.25
1015,993,0.24
1016,996,0.24
1017,994,0.24
1018,999,0.24
1019,1001,0.25
1020,1005,0.25
1021,1011,0.25
1022,1012,0.25
1023,1011,0.24
1024,1010,0.24
1025,1015,0.25
1026,1017,0.25
1027,1016,0.24
1028,1017,0.24
1029,1015,0.24
1030,1017,0.24
1031,1020,0.24
1032,1022,0.24
1033,1022,0.24
1034,1023,0.24
1035,1024,0.23
1036,1021,0.23
1037,1022,0.22
1038,1023,0.22
1039,1027,0.22
1040,1026,0.22
1041,1024,0.23
1042,1026,0.23
1043,1027,0.23
1044,1025,0.23
1045,1027,0.22
1046,1026,0.22
1047,1026,0.22
1048,1025,0.22
1049,1027,0.22
1050,1028,0.22
1051,1027,0.22
1052,1025,0.22
1053,1024,0.22
1054,1024,0.22
1055,1023,0.23
1056,1023,0.23
1057,1024,0.23
1058,1025,0.23
1059,1030,0.22
1060,1031,0.22
1061,1029,0.22
1062,1031,0.22
1063,1032,0.22
1064,1033,0.22
1065,1032,0.22
1066,1036,0.22
1067,1037,0.23
1068,1037,0.23
1069,1041,0.24
1070,1044,0.24
1071,1046,0.23
1072,1046,0.23
1073,1048,0.22
1074,1047,0.22
1075,1048,0.22
1076,1047,0.22
1077,1047,0.22
1078,1046,0.22
1079,1046,0.22
1080,1048,0.22
1081,1050,0.23
1082,1052,0.23
1083,1049,0.23
1084,1052,0.23
1085,1052,0.23
1086,1056,0.23
1087,1056,0.23
1088,1057,0.23
1089,1059,0.23
1090,1060,0.23
1091,1059,0.23
1092,1061,0.23
1093,1059,0.22
1094,1057,0.22
1095,1054,0.22
1096,1053,0.22
1097,1051,0.21
1098,1052,0.21
1099,1054,0.22
1100,1054,0.22
1101,1051,0.22
1102,1050,0.22
1103,1053,0.23
1104,1053,0.23
1105,1053,0.23
1106,1053,0.23
1107,1053,0.22
1108,1051,0.22
1109,1052,0.23
1110,1052,0.23
1111,1054,0.23
1112,1051,0.23
1113,1050,0.22
1114,1052,0.22
1115,1053,0.22
1116,1053,0.22
1117,1056,0.23
1118,1055,0.23
1119,1054,0.23
1120,1058,0.23
1121,1059,0.23
1122,1059,0.23
1123,1061,0.23
1124,1062,0.23
1125,1063,0.22
1126,1067,0.22
1127,1066,0.22
1128,1064,0.22
1129,1063,0.22
1130,1063,0.22
1131,1065,0.23
1132,1067,0.23
1133,1066,0.23
1134,1065,0.23
1135,1065,0.23
1136,1067,0.23
1137,1063,0.23
1138,1062,0.23
1139,1064,0.23
1140,1062,0.23
1141,1060,0.23
1142,1058,0.23
1143,1058,0.23
1144,1058,0.23
1145,1060,0.23
1146,1062,0.23
1147,1061,0.23
1148,1061,0.23
1149,1063,0.24
1150,1062,0.24
1151,1062,0.23
1152,1060,0.23
1153,1060,0.23
1154,1060,0.23
1155,1061,0.23
1156,1059,0.23
1157,1060,0.23
1158,1060,0.23
1159,1061,0.23
1160,1057,0.23
1161,1056,0.23
1162,1056,0.23
1163,1053,0.23
1164,1050,0.23
1165,1050,0.23
1166,1053,0.23
1167,1055,0.22
1168,1056,0.22
1169,1053,0.23
1170,1055,0.23
1171,1055,0.23
1172,1057,0.23
1173,1054,0.23
1174,1054,0.23
1175,1055,0.22
1176,1062,0.22
1177,1065,0.24
1178,1064,0.24
1179,1063,0.23
1180,1065,0.23
1181,1072,0.23
1182,1072,0.23
1183,1075,0.23
1184,1073,0.23
1185,1073,0.23
1186,1072,0.23
1187,1075,0.23
1188,1076,0.23
1189,1076,0.22
1190,1077,0.22
1191,1076,0.21
1192,1076,0.21
1193,1077,0.22
1194,1076,0.22
1195,1080,0.22
1196,1080,0.22
1197,1081,0.21
1198,1085,0.21
1199,1086,0.22
1200,1088,0.22
1201,1088,0.22
1202,1087,0.22
1203,1085,0.22
1204,1086,0.22
1205,1085,0.22
1206,1083,0.22
1207,1081,0.21
1208,1078,0.21
1209,1075,0.21
1210,1074,0.21
1211,1075,0.21
1212,1075,0.21
1213,1076,0.21
1214,1081,0.21
1215,1083,0.21
1216,1083,0.21
1217,1086,0.22
1218,1086,0.22
1219,1086,0.22
1220,1088,0.22
1221,1087,0.22
1222,1086,0.22
1223,1086,0.22
1224,1085,0.22
1225,1088,0.22
1226,1091,0.22
1227,1092,0.22
1228,1091,0.22
1229,1089,0.21
1230,1088,0.21
1231,1092,0.21
1232,1095,0.21
1233,1097,0.22
1234,1098,0.22
1235,1101,0.23
1236,1108,0.23
1237,1113,0.23
1238,1112,0.23
1239,1118,0.22
1240,1118,0.22
1241,1118,0.23
1242,1120,0.23
1243,1121,0.22
1244,1121,0.22
1245,1121,0.22
1246,1123,0.22
1247,1125,0.21
1248,1128,0.21
1249,1129,0.22
1250,1130,0.22
1251,1130,0.22
1252,1129,0.22
1253,1133,0.23
1254,1134,0.23
1255,1137,0.23
1256,1136,0.23
1257,1134,0.22
1258,1137,0.22
1259,1136,0.22
1260,1136,0.22
1261,1139,0.22
1262,1137,0.22
1263,1139,0.22
1264,1144,0.22
1265,1142,0.21
1266,1141,0.21
1267,1140,0.21
1268,1139,0.21
1269,1140,0.21
1270,1145,0.21
1271,1145,0.22
1272,1144,0.22
1273,1143,0.21
1274,1141,0.21
1275,1141,0.21
1276,1140,0.21
1277,1139,0.2
1278,1142,0.2
1279,1143,0.2
1280,1141,0.2
1281,1144,0.21
1282,1147,0.21
1283,1152,0.21
1284,1154,0.21
1285,1164,0.22
1286,1163,0.22
1287,1162,0.21
1288,1160,0.21
1289,1160,0.2
1290,1160,0.2
1291,1161,0.2
1292,1161,0.2
1293,1161,0.21
1294,1162,0.21
1295,1160,0.21
1296,1162,0.21
1297,1161,0.2
1298,1164,0.2
1299,1164,0.21
1300,1163,0.21
1301,1162,0.21
1302,1165,0.21
1303,1163,0.21
1304,1162,0.21
1305,1161,0.2
1306,1159,0.2
1307,1158,0.2
1308,1156,0.2
1309,1155,0.19
1310,1156,0.19
1311,1157,0.21
1312,1157,0.21
1313,1157,0.2
1314,1157,0.2
1315,1157,0.2
1316,1161,0.2
1317,1162,0.21
1318,1166,0.21
1319,1171,0.21
1320,1170,0.21
1321,1168,0.21
1322,1167,0.21
1323,1170,0.2
1324,1174,0.2
1325,1171,0.2
1326,1169,0.2
1327,1168,0.19
1328,1166,0.19
1329,1165,0.18
1330,1163,0.18
1331,1161,0.18
1332,1161,0.18
1333,1163,0.19
1334,1164,0.19
1335,1164,0.19
1336,1164,0.19
1337,1169,0.2
1338,1171,0.2
1339,1171,0.19
1340,1169,0.19
1341,1166,0.19
1342,1166,0.19
1343,1165,0.19
1344,1163,0.19
1345,1167,0.2
1346,1168,0.2
1347,1167,0.2
1348,1166,0.2
1349,1167,0.2
1350,1167,0.2
1351,1170,0.2
1352,1176,0.2
1353,1179,0.19
1354,1177,0.19
1355,1179,0.2
1356,1178,0.2
1357,1182,0.2
1358,1182,0.2
1359,1181,0.19
1360,1183,0.19
1361,1185,0.19
1362,1196,0.19
1363,1196,0.21
1364,1201,0.21
1365,1203,0.22
1366,1204,0.22
1367,1205,0.21
1368,1203,0.21
1369,1207,0.2
1370,1202,0.2
1371,1203,0.2
1372,1207,0.2
1373,1207,0.19
1374,1205,0.19
1375,1207,0.19
1376,1205,0.19
1377,1201,0.19
1378,1200,0.19
1379,1204,0.19
1380,1202,0.19
1381,1200,0.19
1382,1202,0.19
1383,1196,0.19
1384,1198,0.19
1385,1197,0.18
1386,1196,0.18
1387,1195,0.18
1388,1194,0.18
1389,1195,0.19
1390,1193,0.19
1391,1196,0.19
1392,1197,0.19
1393,1198,0.18
1394,1196,0.18
1395,1197,0.19
1396,1196,0.19
1397,1195,0.18
1398,1197,0.18
1399,1200,0.19
1400,1198,0.19
1401,1196,0.19
1402,1195,0.19
1403,1196,0.19
1404,1198,0.19
1405,1198,0.19
1406,1198,0.19
1407,1207,0.19
1408,1212,0.19
1409,1211,0.2
1410,1209,0.2
1411,1211,0.19
1412,1210,0.19
1413,1212,0.19
1414,1211,0.19
1415,1211,0.19
1416,1215,0.19
1417,1212,0.19
1418,1212,0.19
1419,1212,0.19
1420,1213,0.19
1421,1213,0.19
1422,1212,0.19
1423,1213,0.19
1424,1211,0.19
1425,1209,0.19
1426,1209,0.19
1427,1207,0.19
1428,1205,0.19
1429,1203,0.2
1430,1207,0.2
1431,1207,0.2
1432,1205,0.2
1433,1205,0.19
1434,1203,0.19
1435,1202,0.19
1436,1201,0.19
1437,1202,0.2
1438,1202,0.2
1439,1202,0.19
1440,1200,0.19
1441,1198,0.19
1442,1198,0.19
1443,1194,0.19
1444,1191,0.19
1445,1190,0.18
1446,1190,0.18
1447,1189,0.18
1448,1191,0.18
1449,1190,0.18
1450,1192,0.18
1451,1194,0.19
1452,1192,0.19
1453,1193,0.2
1454,1195,0.2
1455,1196,0.2
1456,1196,0.2
1457,1193,0.2
1458,1191,0.2
1459,1193,0.19
1460,1193,0.19
1461,1193,0.19
1462,1195,0.19
1463,1195,0.19
1464,1195,0.19
1465,1196,0.18
1466,1198,0.18
1467,1197,0.19
1468,1196,0.19
1469,1200,0.19
1470,1199,0.19
1471,1198,0.19
1472,1198,0.19
1473,1199,0.18
1474,1200,0.18
1475,1200,0.18
1476,1201,0.18
1477,1202,0.19
1478,1201,0.19
1479,1200,0.19
1480,1202,0.19
1481,1201,0.19
1482,1201,0.19
1483,1201,0.19
1484,1200,0.19
1485,1201,0.19
1486,1205,0.19
1487,1203,0.19
1488,1201,0.19
1489,1198,0.18
1490,1201,0.18
1491,1201,0.19
1492,1200,0.19
1493,1199,0.2
1494,1197,0.2
1495,1200,0.19
1496,1200,0.19
1497,1198,0.19
1498,1198,0.19
1499,1204,0.19
1500,1203,0.19
1501,1206,0.19
1502,1206,0.19
1503,1205,0.2
1504,1207,0.2
1505,1211,0.19
1506,1213,0.19
1507,1211,0.19
1508,1212,0.19
1509,1214,0.19
1510,1218,0.19
1511,1218,0.19
1512,1219,0.19
1513,1221,0.2
1514,1222,0.2
1515,1223,0.2
1516,1222,0.2
1517,1219,0.19
1518,1222,0.19
1519,1222,0.19
1520,1221,0.19
1521,1222,0.2
1522,1221,0.2
1523,1220,0.2
1524,1221,0.2
1525,1220,0.2
1526,1221,0.2
1527,1220,0.19
1528,1220,0.19
1529,1222,0.2
1530,1223,0.2
1531,1228,0.2
1532,1229,0.2
1533,1227,0.2
1534,1227,0.2
1535,1225,0.19
1536,1226,0.19
1537,1233,0.2
1538,1239,0.2
1539,1236,0.2
1540,1234,0.2
1541,1237,0.2
1542,1239,0.2
1543,1239,0.2
1544,1241,0.2
1545,1240,0.19
1546,1244,0.19
1547,1242,0.19
1548,1241,0.19
1549,1240,0.19
1550,1240,0.19
1551,1240,0.2
1552,1245,0.2
1553,1249,0.2
1554,1250,0.2
1555,1254,0.2
1556,1252,0.2
1557,1250,0.19
1558,1253,0.19
1559,1253,0.19
1560,1254,0.19
1561,1256,0.2
1562,1257,0.2
1563,1256,0.19
1564,1256,0.19
1565,1257,0.19
1566,1258,0.19
1567,1260,0.2
1568,1260,0.2
1569,1258,0.2
1570,1259,0.2
1571,1256,0.19
1572,1257,0.19
1573,1259,0.2
1574,1261,0.2
1575,1261,0.19
1576,1263,0.19
1577,1264,0.2
1578,1263,0.2
1579,1262,0.2
1580,1263,0.2
1581,1264,0.19
1582,1261,0.19
1583,1260,0.19
1584,1260,0.19
1585,1261,0.19
1586,1260,0.19
1587,1266,0.19
1588,1267,0.19
1589,1270,0.2
1590,1271,0.2
1591,1272,0.19
1592,1275,0.19
1593,1275,0.19
1594,1275,0.19
1595,1274,0.19
1596,1277,0.19
1597,1278,0.2
1598,1281,0.2
1599,1283,0.18
1600,1284,0.18
1601,1285,0.19
1602,1284,0.19
1603,1284,0.19
1604,1285,0.19
1605,1284,0.19
1606,1286,0.19
1607,1288,0.19
1608,1287,0.19
1609,1289,0.19
1610,1291,0.19
1611,1292,0.19
1612,1295,0.19
1613,1298,0.2
1614,1300,0.2
1615,1300,0.19
1616,1298,0.19
1617,1298,0.19
1618,1298,0.19
1619,1302,0.19
1620,1302,0.19
1621,1304,0.19
1622,1309,0.19
1623,1309,0.18
1624,1311,0.18
1625,1309,0.19
1626,1306,0.19
1627,1305,0.18
1628,1309,0.18
1629,1310,0.18
1630,1310,0.18
1631,1311,0.18
1632,1313,0.18
1633,1315,0.18
1634,1319,0.18
1635,1323,0.18
1636,1323,0.18
1637,1322,0.17
1638,1322,0.17
1639,1322,0.17
1640,1326,0.17
1641,1326,0.17
1642,1325,0.17
1643,1325,0.17
1644,1326,0.17
1645,1327,0.17
1646,1329,0.17
1647,1331,0.18
1648,1331,0.18
1649,1329,0.18
1650,1329,0.18
1651,1331,0.19
1652,1329,0.19
1653,1330,0.18
1654,1331,0.18
1655,1332,0.19
1656,1328,0.19
1657,1330,0.18
1658,1330,0.18
1659,1330,0.18
1660,1329,0.18
1661,1329,0.18
1662,1330,0.18
1663,1328,0.18
1664,1325,0.18
1665,1327,0.18
1666,1325,0.18
1667,1322,0.18
1668,1317,0.18
1669,1320,0.18
1670,1321,0.18
1671,1321,0.18
1672,1323,0.18
1673,1323,0.18
1674,1323,0.18
1675,1325,0.18
1676,1326,0.18
1677,1329,0.17
1678,1331,0.17
1679,1331,0.18
1680,1328,0.18
1681,1330,0.18
1682,1334,0.18
1683,1333,0.18
1684,1332,0.18
1685,1331,0.18
1686,1330,0.18
1687,1329,0.17
1688,1327,0.17
1689,1328,0.18
1690,1326,0.18
1691,1325,0.18
1692,1324,0.18
1693,1324,0.18
1694,1322,0.18
1695,1321,0.17
1696,1321,0.17
1697,1320,0.17
1698,1320,0.17
1699,1327,0.18
1700,1326,0.18
1701,1325,0.17
1702,1323,0.17
1703,1323,0.17
1704,1326,0.17
1705,1327,0.18
1706,1328,0.18
1707,1327,0.18
1708,1327,0.18
1709,1326,0.18
1710,1324,0.18
1711,1323,0.18
1712,1325,0.18
1713,1324,0.18
1714,1324,0.18
1715,1324,0.18
1716,1320,0.18
1717,1319,0.17
1718,1316,0.17
1719,1316,0.18
1720,1318,0.18
1721,1321,0.18
1722,1323,0.18
1723,1323,0.19
1724,1324,0.19
1725,1323,0.19
1726,1322,0.19
1727,1325,0.18
1728,1324,0.18
1729,1325,0.18
1730,1325,0.18
1731,1322,0.18
1732,1324,0.18
1733,1326,0.18
1734,1327,0.18
1735,1332,0.19
1736,1333,0.19
1737,1333,0.18
1738,1331,0.18
1739,1330,0.19
1740,1330,0.19
1741,1331,0.18
1742,1329,0.18
1743,1329,0.18
1744,1329,0.18
1745,1329,0.17
1746,1331,0.17
1747,1333,0.19
1748,1333,0.19
1749,1331,0.19
1750,1331,0.19
1751,1328,0.19
1752,1327,0.19
1753,1326,0.18
1754,1326,0.18
1755,1328,0.18
1756,1326,0.18
1757,1326,0.18
1758,1326,0.18
1759,1327,0.19
1760,1330,0.19
1761,1328,0.18
1762,1329,0.18
1763,1332,0.18
1764,1333,0.18
1765,1335,0.18
1766,1330,0.18
1767,1329,0.18
1768,1328,0.18
1769,1327,0.18
1770,1326,0.18
1771,1326,0.18
1772,1328,0.18
1773,1329,0.18
1774,1327,0.18
1775,1326,0.18
1776,1325,0.18
1777,1324,0.18
1778,1323,0.18
1779,1324,0.18
1780,1325,0.18
1781,1323,0.17
1782,1322,0.17
1783,1320,0.18
1784,1324,0.18
1785,1323,0.18
1786,1320,0.18
1787,1322,0.18
1788,1324,0.18
1789,1326,0.18
1790,1325,0.18
1791,1323,0.19
1792,1322,0.19
1793,1322,0.18
1794,1321,0.18
1795,1321,0.18
1796,1319,0.18
1797,1318,0.18
1798,1316,0.18
1799,1318,0.18
1800,1316,0.18
1801,1316,0.18
1802,1315,0.18
1803,1312,0.18
1804,1319,0.18
1805,1317,0.18
1806,1314,0.18
1807,1312,0.18
1808,1309,0.18
1809,1313,0.19
1810,1310,0.19
1811,1311,0.18
1812,1315,0.18
1813,1314,0.18
1814,1318,0.18
1815,1318,0.18
1816,1319,0.18
1817,1326,0.18
1818,1325,0.18
1819,1325,0.18
1820,1325,0.18
1821,1325,0.19
1822,1328,0.19
1823,1328,0.19
1824,1329,0.19
1825,1331,0.19
1826,1333,0.19
1827,1333,0.18
1828,1335,0.18
1829,1332,0.19
1830,1330,0.19
1831,1330,0.18
1832,1333,0.18
1833,1335,0.18
1834,1339,0.18
1835,1337,0.18
1836,1338,0.18
1837,1335,0.18
1838,1335,0.18
1839,1337,0.17
1840,1335,0.17
1841,1334,0.17
1842,1333,0.17
1843,1333,0.18
1844,1333,0.18
1845,1335,0.18
1846,1336,0.18
1847,1336,0.18
1848,1334,0.18
1849,1329,0.18
1850,1332,0.18
1851,1333,0.18
1852,1336,0.18
1853,1337,0.18
1854,1343,0.18
1855,1342,0.19
1856,1344,0.19
1857,1352,0.19
1858,1352,0.19
1859,1355,0.18
1860,1357,0.18
1861,1356,0.18
1862,1353,0.18
1863,1353,0.17
1864,1355,0.17
1865,1357,0.18
1866,1361,0.18
1867,1362,0.18
1868,1360,0.18
1869,1362,0.18
1870,1362,0.18
1871,1362,0.17
1872,1360,0.17
1873,1360,0.17
1874,1357,0.17
1875,1357,0.17
1876,1358,0.17
1877,1357,0.17
1878,1358,0.17
1879,1359,0.18
1880,1358,0.18
1881,1356,0.17
1882,1357,0.17
1883,1356,0.17
1884,1354,0.17
1885,1354,0.17
1886,1354,0.17
1887,1354,0.17
1888,1353,0.17
1889,1353,0.17
1890,1355,0.17
1891,1354,0.17
1892,1353,0.17
1893,1353,0.17
1894,1355,0.17
1895,1357,0.17
1896,1359,0.17
1897,1355,0.18
1898,1355,0.18
1899,1357,0.18
1900,1355,0.18
1901,1353,0.18
1902,1355,0.18
1903,1354,0.18
1904,1355,0.18
1905,1353,0.18
1906,1353,0.18
1907,1356,0.18
1908,1357,0.18
1909,1355,0.18
1910,1356,0.18
1911,1357,0.18
1912,1357,0.18
1913,1358,0.17
1914,1357,0.17
1915,1357,0.18
1916,1356,0.18
1917,1355,0.17
1918,1358,0.17
1919,1362,0.17
1920,1359,0.17
1921,1359,0.17
1922,1359,0.17
1923,1359,0.17
1924,1357,0.17
1925,1359,0.17
1926,1361,0.17
1927,1362,0.17
1928,1366,0.17
1929,1366,0.17
1930,1368,0.17
1931,1367,0.17
1932,1368,0.17
1933,1367,0.17
1934,1366,0.17
1935,1363,0.17
1936,1362,0.17
1937,1363,0.17
1938,1363,0.17
1939,1360,0.17
1940,1359,0.17
1941,1363,0.17
1942,1363,0.17
1943,1363,0.17
1944,1366,0.17
1945,1366,0.17
1946,1366,0.17
1947,1363,0.17
1948,1370,0.17
1949,1372,0.18
1950,1373,0.18
1951,1372,0.18
1952,1373,0.18
1953,1374,0.19
1954,1374,0.19
1955,1373,0.18
1956,1374,0.18
1957,1373,0.18
1958,1373,0.18
1959,1370,0.18
1960,1367,0.18
1961,1367,0.18
1962,1363,0.18
1963,1362,0.18
1964,1360,0.18
1965,1362,0.18
1966,1362,0.18
1967,1364,0.18
1968,1364,0.18
1969,1370,0.18
1970,1368,0.18
1971,1371,0.18
1972,1371,0.18
1973,1371,0.17
1974,1369,0.17
1975,1369,0.18
1976,1373,0.18
1977,1371,0.18
1978,1371,0.18
1979,1372,0.18
1980,1366,0.18
1981,1365,0.17
1982,1364,0.17
1983,1363,0.17
1984,1363,0.17
1985,1363,0.17
1986,1363,0.17
1987,1364,0.18
1988,1365,0.18
1989,1365,0.18
1990,1365,0.18
1991,1364,0.18
1992,1364,0.18
1993,1366,0.18
1994,1369,0.18
1995,1366,0.17
1996,1367,0.17
1997,1368,0.18
1998,1369,0.18
1999,1371,0.18
2000,1372,0.18
2001,1373,0.19
2002,1370,0.19
2003,1372,0.19
2004,1369,0.19
2005,1374,0.18
2006,1376,0.18
2007,1376,0.18
2008,1376,0.18
2009,1378,0.18
2010,1378,0.18
2011,1379,0.17
2012,1376,0.17
2013,1373,0.17
2014,1371,0.17
2015,1371,0.17
2016,1369,0.17
2017,1366,0.17
2018,1363,0.17
2019,1365,0.17
2020,1364,0.17
2021,1364,0.18
2022,1362,0.18
2023,1360,0.18
2024,1361,0.18
2025,1358,0.17
2026,1358,0.17
2027,1356,0.18
2028,1358,0.18
2029,1358,0.18
2030,1358,0.18
2031,1356,0.17
2032,1356,0.17
2033,1357,0.18
2034,1357,0.18
2035,1356,0.18
2036,1355,0.18
2037,1353,0.17
2038,1352,0.17
2039,1353,0.18
2040,1357,0.18
2041,1355,0.18
2042,1354,0.18
2043,1351,0.17
2044,1351,0.17
2045,1348,0.18
2046,1347,0.18
2047,1348,0.18
2048,1351,0.18
2049,1351,0.18
2050,1352,0.18
2051,1353,0.17
2052,1354,0.17
2053,1354,0.17
2054,1354,0.17
2055,1355,0.17
2056,1354,0.17
2057,1352,0.17
2058,1351,0.17
2059,1352,0.17
2060,1350,0.17
2061,1348,0.17
2062,1346,0.17
2063,1344,0.16
2064,1345,0.16
2065,1345,0.16
2066,1343,0.16
2067,1346,0.17
2068,1346,0.17
2069,1346,0.17
2070,1344,0.17
2071,1348,0.17
2072,1350,0.17
2073,1354,0.17
2074,1361,0.17
2075,1362,0.18
2076,1361,0.18
2077,1360,0.17
2078,1360,0.17
2079,1361,0.17
2080,1357,0.17
2081,1356,0.17
2082,1354,0.17
2083,1356,0.16
2084,1356,0.16
2085,1360,0.17
2086,1358,0.17
2087,1359,0.17
2088,1358,0.17
2089,1357,0.17
2090,1357,0.17
2091,1355,0.17
2092,1355,0.17
2093,1352,0.17
2094,1352,0.17
2095,1351,0.17
2096,1354,0.17
2097,1356,0.17
2098,1355,0.17
2099,1353,0.17
2100,1355,0.17
2101,1354,0.17
2102,1353,0.17
2103,1357,0.17
2104,1358,0.17
2105,1357,0.17
2106,1354,0.17
2107,1352,0.17
2108,1352,0.17
2109,1354,0.17
2110,1354,0.17
2111,1353,0.17
2112,1351,0.17
2113,1349,0.17
2114,1349,0.17
2115,1348,0.17
2116,1348,0.17
2117,1351,0.17
2118,1352,0.17
2119,1350,0.17
2120,1352,0.17
2121,1353,0.17
2122,1355,0.17
2123,1357,0.17
2124,1358,0.17
2125,1357,0.17
2126,1358,0.17
2127,1357,0.17
2128,1356,0.17
2129,1358,0.17
2130,1357,0.17
2131,1356,0.17
2132,1356,0.17
2133,1354,0.17
2134,1352,0.17
2135,1350,0.17
2136,1349,0.17
2137,1351,0.17
2138,1349,0.17
2139,1347,0.17
2140,1350,0.17
2141,1349,0.17
2142,1348,0.17
2143,1350,0.17
2144,1348,0.17
2145,1348,0.16
2146,1348,0.16
2147,1346,0.16
2148,1347,0.16
2149,1348,0.17
2150,1348,0.17
2151,1346,0.17
2152,1344,0.17
2153,1344,0.16
2154,1345,0.16
2155,1348,0.17
2156,1349,0.17
2157,1351,0.17
2158,1352,0.17
2159,1351,0.17
2160,1349,0.17
2161,1347,0.17
2162,1346,0.17
2163,1346,0.17
2164,1348,0.17
2165,1347,0.16
2166,1345,0.16
2167,1343,0.16
2168,1343,0.16
2169,1341,0.15
2170,1343,0.15
2171,1344,0.16
2172,1347,0.16
2173,1347,0.16
2174,1348,0.16
2175,1347,0.16
2176,1350,0.16
2177,1353,0.16
2178,1354,0.16
2179,1358,0.17
2180,1357,0.17
2181,1355,0.16
2182,1356,0.16
2183,1357,0.17
2184,1359,0.17
2185,1358,0.16
2186,1359,0.16
2187,1362,0.17
2188,1362,0.17
2189,1362,0.17
2190,1360,0.17
2191,1362,0.17
2192,1363,0.17
2193,1366,0.17
2194,1370,0.17
2195,1371,0.18
2196,1371,0.18
2197,1369,0.17
2198,1367,0.17
2199,1367,0.17
2200,1372,0.17
2201,1372,0.17
2202,1369,0.17
2203,1369,0.16
2204,1368,0.16
2205,1368,0.16
2206,1364,0.16
2207,1363,0.16
2208,1363,0.16
2209,1364,0.16
2210,1363,0.16
2211,1362,0.16
2212,1366,0.16
2213,1362,0.16
2214,1364,0.16
2215,1368,0.17
2216,1367,0.17
2217,1365,0.17
2218,1365,0.17
2219,1361,0.17
2220,1366,0.17
2221,1366,0.17
2222,1365,0.17
2223,1363,0.17
2224,1364,0.17
2225,1364,0.17
2226,1364,0.17
2227,1363,0.17
2228,1362,0.17
2229,1363,0.17
2230,1364,0.17
2231,1368,0.17
2232,1370,0.17
2233,1368,0.17
2234,1365,0.17
2235,1364,0.16
2236,1368,0.16
2237,1365,0.17
2238,1370,0.17
2239,1369,0.17
2240,1368,0.17
2241,1367,0.16
2242,1365,0.16
2243,1365,0.16
2244,1363,0.16
2245,1364,0.16
2246,1368,0.16
2247,1368,0.16
2248,1367,0.16
2249,1367,0.16
2250,1368,0.16
2251,1368,0.16
2252,1365,0.16
2253,1363,0.16
2254,1362,0.16
2255,1366,0.17
2256,1368,0.17
2257,1368,0.17
2258,1368,0.17
2259,1367,0.16
2260,1368,0.16
2261,1368,0.17
2262,1373,0.17
2263,1373,0.16
2264,1375,0.16
2265,1373,0.16
2266,1373,0.16
2267,1380,0.16
2268,1377,0.16
2269,1375,0.16
2270,1374,0.16
2271,1372,0.16
2272,1371,0.16
2273,1371,0.16
2274,1369,0.16
2275,1369,0.15
2276,1369,0.15
2277,1368,0.15
2278,1373,0.15
2279,1379,0.16
2280,1381,0.16
2281,1383,0.16
2282,1382,0.16
2283,1382,0.16
2284,1382,0.16
2285,1383,0.16
2286,1380,0.16
2287,1382,0.15
2288,1383,0.15
2289,1387,0.16
2290,1387,0.16
2291,1390,0.16
2292,1389,0.16
2293,1394,0.16
2294,1393,0.16
2295,1392,0.16
2296,1392,0.16
2297,1396,0.16
2298,1395,0.16
2299,1393,0.16
2300,1395,0.16
2301,1396,0.16
2302,1394,0.16
2303,1394,0.16
2304,1398,0.16
2305,1396,0.16
2306,1397,0.16
2307,1396,0.16
2308,1395,0.16
2309,1394,0.16
2310,1393,0.16
2311,1391,0.15
2312,1394,0.15
2313,1395,0.16
2314,1394,0.16
2315,1394,0.16
2316,1393,0.16
2317,1392,0.16
2318,1388,0.16
2319,1385,0.16
2320,1386,0.16
2321,1386,0.15
2322,1384,0.15
2323,1386,0.16
2324,1388,0.16
2325,1389,0.16
2326,1389,0.16
2327,1387,0.15
2328,1390,0.15
2329,1391,0.16
2330,1391,0.16
2331,1389,0.15
2332,1390,0.15
2333,1396,0.16
2334,1394,0.16
2335,1396,0.16
2336,1396,0.16
2337,1395,0.16
2338,1396,0.16
2339,1395,0.16
2340,1395,0.16
2341,1395,0.16
2342,1396,0.16
2343,1396,0.16
2344,1395,0.16
2345,1394,0.15
2346,1395,0.15
2347,1396,0.16
2348,1396,0.16
2349,1395,0.16
2350,1398,0.16
2351,1398,0.16
2352,1398,0.16
2353,1396,0.15
2354,1395,0.15
2355,1393,0.15
2356,1395,0.15
2357,1394,0.16
2358,1396,0.16
2359,1401,0.16
2360,1401,0.16
2361,1403,0.16
2362,1405,0.16
2363,1409,0.16
2364,1409,0.16
2365,1409,0.16
2366,1407,0.16
2367,1406,0.16
2368,1410,0.16
2369,1408,0.15
2370,1407,0.15
2371,1406,0.16
2372,1403,0.16
2373,1401,0.15
2374,1400,0.15
2375,1399,0.15
2376,1401,0.15
2377,1405,0.16
2378,1406,0.16
2379,1404,0.16
2380,1403,0.16
2381,1400,0.15
2382,1399,0.15
2383,1403,0.16
2384,1405,0.16
2385,1407,0.16
2386,1407,0.16
2387,1406,0.15
2388,1405,0.15
2389,1403,0.15
2390,1402,0.15
2391,1401,0.15
2392,1401,0.15
2393,1397,0.15
2394,1397,0.15
2395,1400,0.15
2396,1401,0.15
2397,1401,0.15
2398,1402,0.15
2399,1403,0.15
2400,1405,0.15
2401,1404,0.15
2402,1404,0.15
2403,1409,0.16
2404,1410,0.16
2405,1412,0.16
2406,1413,0.16
2407,1417,0.16
2408,1422,0.16
2409,1423,0.16
2410,1420,0.16
2411,1421,0.16
2412,1422,0.16
2413,1420,0.15
2414,1421,0.15
2415,1419,0.15
2416,1418,0.15
2417,1418,0.15
2418,1417,0.15
2419,1420,0.15
2420,1420,0.15
2421,1422,0.15
2422,1421,0.15
2423,1422,0.15
2424,1422,0.15
2425,1422,0.15
2426,1420,0.15
2427,1421,0.15
2428,1425,0.15
2429,1426,0.15
2430,1423,0.15
2431,1423,0.15
2432,1422,0.15
2433,1422,0.15
2434,1423,0.15
2435,1425,0.15
2436,1425,0.15
2437,1425,0.15
2438,1425,0.15
2439,1430,0.16
2440,1432,0.16
2441,1430,0.16
2442,1430,0.16
2443,1429,0.15
2444,1430,0.15
2445,1429,0.15
2446,1427,0.15
2447,1429,0.15
2448,1429,0.15
2449,1428,0.15
2450,1430,0.15
2451,1430,0.15
2452,1431,0.15
2453,1432,0.15
2454,1432,0.15
2455,1431,0.15
2456,1428,0.15
2457,1426,0.15
2458,1426,0.15
2459,1425,0.15
2460,1429,0.15
2461,1430,0.15
2462,1433,0.15
2463,1435,0.15
2464,1438,0.15
2465,1436,0.15
2466,1436,0.15
2467,1435,0.15
2468,1434,0.15
2469,1432,0.15
2470,1430,0.15
2471,1427,0.15
2472,1427,0.15
2473,1431,0.15
2474,1435,0.15
2475,1438,0.15
2476,1437,0.15
2477,1437,0.15
2478,1437,0.15
2479,1438,0.15
2480,1439,0.15
2481,1438,0.14
2482,1441,0.14
2483,1448,0.15
2484,1454,0.15
2485,1452,0.15
2486,1449,0.15
2487,1449,0.15
2488,1446,0.15
2489,1449,0.15
2490,1447,0.15
2491,1451,0.15
2492,1453,0.15
2493,1455,0.15
2494,1455,0.15
2495,1454,0.15
2496,1455,0.15
2497,1457,0.15
2498,1459,0.15
2499,1458,0.15
2500,1457,0.15
2501,1458,0.15
2502,1458,0.15
2503,1460,0.15
2504,1462,0.15
2505,1468,0.16
2506,1469,0.16
2507,1470,0.15
2508,1468,0.15
2509,1469,0.15
2510,1468,0.15
2511,1466,0.15
2512,1469,0.15
2513,1471,0.15
2514,1468,0.15
2515,1470,0.15
2516,1476,0.15
2517,1475,0.14
2518,1475,0.14
2519,1477,0.14
2520,1480,0.14
2521,1479,0.14
2522,1479,0.14
2523,1477,0.14
2524,1478,0.14
2525,1478,0.13
2526,1480,0.13
2527,1484,0.14
2528,1487,0.14
2529,1493,0.14
2530,1493,0.14
2531,1493,0.14
2532,1493,0.14
2533,1492,0.14
2534,1491,0.14
2535,1490,0.14
2536,1487,0.14
2537,1489,0.14
2538,1492,0.14
2539,1493,0.14
2540,1494,0.14
2541,1494,0.14
2542,1495,0.14
2543,1495,0.14
2544,1493,0.14
2545,1491,0.14
2546,1490,0.14
2547,1492,0.14
2548,1493,0.14
2549,1492,0.15
2550,1493,0.15
2551,1494,0.14
2552,1498,0.14
2553,1500,0.14
2554,1501,0.14
2555,1501,0.15
2556,1501,0.15
2557,1501,0.14
2558,1500,0.14
2559,1500,0.14
2560,1500,0.14
2561,1500,0.14
2562,1504,0.14
2563,1506,0.14
2564,1507,0.14
2565,1507,0.13
2566,1504,0.13
2567,1503,0.13
2568,1503,0.13
2569,1505,0.14
2570,1504,0.14
2571,1504,0.14
2572,1502,0.14
2573,1500,0.14
2574,1497,0.14
2575,1496,0.14
2576,1496,0.14
2577,1496,0.14
2578,1494,0.14
2579,1498,0.14
2580,1498,0.14
2581,1497,0.14
2582,1500,0.14
2583,1502,0.14
2584,1506,0.14
2585,1507,0.14
2586,1505,0.14
2587,1504,0.14
2588,1504,0.14
2589,1502,0.14
2590,1500,0.14
2591,1500,0.14
2592,1500,0.14
2593,1501,0.14
2594,1505,0.14
2595,1507,0.14
2596,1506,0.14
2597,1505,0.14
2598,1507,0.14
2599,1506,0.14
2600,1503,0.14
2601,1505,0.14
2602,1508,0.14
2603,1509,0.14
2604,1507,0.14
2605,1507,0.13
2606,1506,0.13
2607,1507,0.13
2608,1505,0.13
2609,1504,0.13
2610,1509,0.13
2611,1512,0.14
2612,1512,0.14
2613,1513,0.14
2614,1513,0.14
2615,1512,0.14
2616,1512,0.14
2617,1514,0.14
2618,1516,0.14
2619,1515,0.14
2620,1518,0.14
2621,1524,0.15
2622,1524,0.15
2623,1528,0.15
2624,1530,0.15
2625,1531,0.15
2626,1530,0.15
2627,1528,0.14
2628,1525,0.14
2629,1533,0.15
2630,1536,0.15
2631,1539,0.15
2632,1540,0.15
2633,1538,0.14
2634,1537,0.14
2635,1536,0.15
2636,1534,0.15
2637,1537,0.14
2638,1534,0.14
2639,1534,0.14
2640,1532,0.14
2641,1532,0.13
2642,1536,0.13
2643,1535,0.14
2644,1532,0.14
2645,1532,0.13
2646,1536,0.13
2647,1537,0.13
2648,1541,0.13
2649,1541,0.14
2650,1541,0.14
2651,1539,0.13
2652,1539,0.13
2653,1539,0.14
2654,1540,0.14
2655,1540,0.14
2656,1545,0.14
2657,1544,0.14
2658,1543,0.14
2659,1544,0.14
2660,1543,0.14
2661,1542,0.13
2662,1539,0.13
2663,1541,0.13
2664,1548,0.13
2665,1548,0.14
2666,1552,0.14
2667,1554,0.14
2668,1556,0.14
2669,1555,0.14
2670,1553,0.14
2671,1555,0.14
2672,1555,0.14
2673,1556,0.14
2674,1560,0.14
2675,1565,0.15
2676,1566,0.15
2677,1564,0.15
2678,1562,0.15
2679,1564,0.14
2680,1564,0.14
2681,1567,0.15
2682,1564,0.15
2683,1564,0.15
2684,1567,0.15
2685,1571,0.15
2686,1567,0.15
2687,1565,0.14
2688,1565,0.14
2689,1568,0.14
2690,1566,0.14
2691,1568,0.13
2692,1565,0.13
2693,1570,0.14
2694,1569,0.14
2695,1569,0.14
2696,1567,0.14
2697,1565,0.14
2698,1564,0.14
2699,1566,0.14
2700,1567,0.14
2701,1565,0.13
2702,1566,0.13
2703,1566,0.13
2704,1565,0.13
2705,1568,0.14
2706,1566,0.14
2707,1566,0.14
2708,1565,0.14
2709,1567,0.14
2710,1572,0.14
2711,1575,0.14
2712,1574,0.14
2713,1574,0.14
2714,1577,0.14
2715,1576,0.14
2716,1578,0.14
2717,1578,0.14
2718,1579,0.14
2719,1583,0.15
2720,1582,0.15
2721,1582,0.14
2722,1579,0.14
2723,1581,0.14
2724,1584,0.14
2725,1585,0.14
2726,1583,0.14
2727,1586,0.14
2728,1587,0.14
2729,1594,0.14
2730,1591,0.14
2731,1593,0.14
2732,1595,0.14
2733,1597,0.14
2734,1597,0.14
2735,1597,0.14
2736,1599,0.14
2737,1595,0.14
2738,1595,0.14
2739,1594,0.14
2740,1594,0.14
2741,1592,0.13
2742,1589,0.13
2743,1586,0.13
2744,1586,0.13
2745,1585,0.13
2746,1585,0.13
2747,1585,0.13
2748,1586,0.13
2749,1589,0.13
2750,1591,0.13
2751,1596,0.13
2752,1594,0.13
2753,1594,0.13
2754,1596,0.13
2755,1596,0.13
2756,1596,0.13
2757,1597,0.13
2758,1597,0.13
2759,1597,0.13
2760,1603,0.13
2761,1601,0.13
2762,1601,0.13
2763,1600,0.13
2764,1598,0.13
2765,1595,0.13
2766,1592,0.13
2767,1592,0.13
2768,1592,0.13
2769,1592,0.13
2770,1592,0.13
2771,1593,0.13
2772,1591,0.13
2773,1590,0.13
2774,1590,0.13
2775,1588,0.13
2776,1591,0.13
2777,1593,0.13
2778,1592,0.13
2779,1598,0.14
2780,1600,0.14
2781,1604,0.14
2782,1607,0.14
2783,1607,0.13
2784,1607,0.13
2785,1614,0.13
2786,1619,0.13
2787,1617,0.14
2788,1616,0.14
2789,1613,0.13
2790,1612,0.13
2791,1612,0.13
2792,1611,0.13
2793,1611,0.13
2794,1613,0.13
2795,1613,0.13
2796,1612,0.13
2797,1610,0.13
2798,1610,0.13
2799,1608,0.13
2800,1613,0.13
2801,1615,0.13
2802,1618,0.13
2803,1623,0.13
2804,1629,0.13
2805,1629,0.13
2806,1632,0.13
2807,1633,0.13
2808,1634,0.13
2809,1632,0.13
2810,1632,0.13
2811,1634,0.13
2812,1635,0.13
2813,1634,0.13
2814,1636,0.13
2815,1637,0.13
2816,1635,0.13
2817,1638,0.13
2818,1637,0.13
2819,1644,0.13
2820,1647,0.13
2821,1649,0.14
2822,1648,0.14
2823,1649,0.14
2824,1652,0.14
2825,1657,0.14
2826,1654,0.14
2827,1653,0.13
2828,1658,0.13
2829,1659,0.13
2830,1658,0.13
2831,1658,0.13
2832,1656,0.13
2833,1655,0.13
2834,1654,0.13
2835,1653,0.13
2836,1652,0.13
2837,1653,0.13
2838,1654,0.13
2839,1655,0.13
2840,1657,0.13
2841,1659,0.14
2842,1659,0.14
2843,1660,0.13
2844,1660,0.13
2845,1662,0.13
2846,1661,0.13
2847,1660,0.13
2848,1658,0.13
2849,1659,0.13
2850,1657,0.13
2851,1654,0.13
2852,1654,0.13
2853,1659,0.13
2854,1661,0.13
2855,1663,0.13
2856,1661,0.13
2857,1660,0.13
2858,1659,0.13
2859,1657,0.13
2860,1656,0.13
2861,1655,0.13
2862,1661,0.13
2863,1659,0.13
2864,1659,0.13
2865,1658,0.13
2866,1657,0.13
2867,1662,0.13
2868,1660,0.13
2869,1659,0.13
2870,1657,0.13
2871,1657,0.12
2872,1656,0.12
2873,1655,0.12
2874,1657,0.12
2875,1658,0.13
2876,1660,0.13
2877,1662,0.13
2878,1661,0.13
2879,1662,0.13
2880,1665,0.13
2881,1667,0.13
2882,1669,0.13
2883,1674,0.13
2884,1680,0.13
2885,1680,0.13
2886,1682,0.13
2887,1683,0.13
2888,1690,0.13
2889,1691,0.13
2890,1691,0.13
2891,1692,0.13
2892,1692,0.13
2893,1694,0.13
2894,1693,0.13
2895,1694,0.13
2896,1695,0.13
2897,1694,0.13
2898,1696,0.13
2899,1698,0.13
2900,1698,0.13
2901,1701,0.13
2902,1702,0.13
2903,1708,0.13
2904,1707,0.13
2905,1706,0.13
2906,1704,0.13
2907,1705,0.12
2908,1707,0.12
2909,1709,0.12
2910,1711,0.12
2911,1710,0.13
2912,1711,0.13
2913,1711,0.12
2914,1711,0.12
2915,1709,0.12
2916,1712,0.12
2917,1716,0.13
2918,1715,0.13
2919,1713,0.13
2920,1713,0.13
2921,1712,0.12
2922,1712,0.12
2923,1713,0.13
2924,1709,0.13
2925,1709,0.12
2926,1706,0.12
2927,1708,0.13
2928,1710,0.13
2929,1711,0.13
2930,1716,0.13
2931,1715,0.13
2932,1711,0.13
2933,1711,0.12
2934,1709,0.12
2935,1710,0.12
2936,1710,0.12
2937,1714,0.13
2938,1712,0.13
2939,1712,0.12
2940,1713,0.12
2941,1713,0.13
2942,1712,0.13
2943,1712,0.13
2944,1707,0.13
2945,1710,0.13
2946,1711,0.13
2947,1709,0.13
2948,1712,0.13
2949,1714,0.13
2950,1714,0.13
2951,1719,0.13
2952,1718,0.13
2953,1719,0.13
2954,1717,0.13
2955,1715,0.13
2956,1717,0.13
2957,1719,0.13
2958,1719,0.13
2959,1719,0.13
2960,1719,0.13
2961,1720,0.13
2962,1718,0.13
2963,1717,0.13
2964,1716,0.13
2965,1718,0.13
2966,1725,0.13
2967,1730,0.13
2968,1733,0.13
2969,1733,0.13
2970,1735,0.13
2971,1733,0.12
2972,1733,0.12
